<?xml version="1.0" encoding="UTF-8" standalone="yes"?>
<assembly xmlns="urn:schemas-microsoft-com:asm.v1" manifestVersion="1.0">
    <assemblyIdentity version="1.0.0.0" processorArchitecture="*" name="frpmgr-Setup" type="win32"/>
    <trustInfo xmlns="urn:schemas-microsoft-com:asm.v2">
        <security>
            <requestedPrivileges xmlns="urn:schemas-microsoft-com:asm.v3">
                <requestedExecutionLevel level="requireAdministrator" uiAccess="false"/>
            </requestedPrivileges>
        </security>
    </trustInfo>
    <dependency>
        <dependentAssembly>
            <assemblyIdentity type="win32" name="Microsoft.Windows.Common-Controls" version="6.0.0.0" processorArchitecture="*" publicKeyToken="6595b64144ccf1df" language="*"/>
        </dependentAssembly>
    </dependency>
    <application xmlns="urn:schemas-microsoft-com:asm.v3">
        <windowsSettings>
            <dpiAwareness xmlns="http://schemas.microsoft.com/SMI/2016/WindowsSettings">PerMonitorV2, PerMonitor</dpiAwareness>
            <dpiAware xmlns="http://schemas.microsoft.com/SMI/2005/WindowsSettings">True</dpiAware>
        </windowsSettings>
    </application>
    <compatibility xmlns="urn:schemas-microsoft-com:compatibility.v1">
        <application>
            <!-- Windows 10 and Windows 11 -->
            <supportedOS Id="{8e0f7a12-bfb3-4fe8-b9a5-48fd50a15a9a}"/>
        </application>
    </compatibility>
</assembly>
